P. Name,P. Zone Class,P. Mass Class,P. Composition Class,P. Atmosphere Class,P. Density (EU),P. Gravity (EU),P. Esc Vel (EU),P. SFlux Min (EU),P. SFlux Mean (EU),P. SFlux Max (EU),P. Teq Max (K),P. Mag,P. Appar Size (deg),P. Eccentricity,P. Mean Distance (AU),P. Omega (deg),S. Mass (SU),S. Teff (K),S. [Fe/H],S. Age (Gyrs),S. Appar Mag,S. Distance (pc),S. RA (hrs),S. DEC (deg),S. Mag from Planet,S. Size from Planet (deg),S. No. Planets,S. No. Planets HZ,S. Hab Zone Max (AU),P. HZD,P. HZC,P. HZA,P. HZI,P. SPH,P. ESI,S. HabCat,P. Habitable,P. Hab Moon,P. Confirmed,P. Habitable Class
GJ 163 c,Warm,Superterran,rocky-iron,metals-rich,1.19,2.17,1.99,0.5515569,0.6630019,0.804139,241.3,-18.05,3.48,0.09,0.12,235.4,0.4,3840.0,-0.06027140851661208,3.0,11.8,15.0,4.1544,-53.3736,-26.3,0.9881,3,1,0.212,-0.34,-0.14,0.81,0.53,0.08,0.73,0,1,0,1,psychroplanet
GJ 667 C e,Warm,Terran,rocky-iron,metals-rich,0.99,1.39,1.39,0.290249,0.3020295,0.3144201,190.8,-16.59,2.65,0.02,0.21,28.6,0.33,3350.0,-0.55,2.0,10.2,6.8,17.3158,-34.9897,-25.4,0.8714,6,3,0.251,0.51,-0.16,0.23,0.63,0.0,0.6,0,1,0,0,psychroplanet
GJ 667 C f,Warm,Terran,rocky-iron,metals-rich,0.99,1.39,1.39,0.5306531,0.5632069000000001,0.5983137,224.1,-17.28,2.65,0.03,0.16,103.0,0.33,3350.0,-0.55,2.0,10.2,6.8,17.3158,-34.9897,-26.1,1.19,6,3,0.251,-0.22,-0.16,0.08,0.78,0.0,0.77,0,1,0,0,psychroplanet
GJ 682 c,Warm,Superterran,rocky-iron,hydrogen-rich,1.24,2.37,2.13,0.3020603,0.3673006,0.45118450000000004,208.8,-17.51,3.64,0.1,0.18,320.9,0.27,3028.0,-0.06027140851661208,4.184758828596038,13.4,5.08,17.6177,-43.6808,-25.6,1.1831,2,1,0.232,0.23,-0.14,1.19,0.45,0.0,0.59,0,1,0,0,psychroplanet
GJ 3293 d,Warm,Superterran,rocky-iron,metals-rich,1.2,2.22,2.03,0.44768679999999994,0.5656049,0.7251003,235.1,-17.91,3.52,0.12,0.19,322.0,0.42,3466.0,0.02,4.184758828596038,12.0,17.9,4.4767,-25.1692,-26.1,1.1179,4,2,0.309,-0.21,-0.14,0.91,0.52,0.0,0.7,0,1,0,1,psychroplanet
HD 40307 g,Warm,Superterran,rocky-iron,metals-rich,1.18,2.15,1.98,0.3895282,0.6771687,1.285592,271.3,-18.1,3.45,0.29,0.57,91.2,0.77,4977.0,-0.31,1.2,7.2,12.8,5.9011,-60.0233,-26.4,0.6042,6,1,0.917,-0.15,-0.14,0.77,0.56,0.04,0.74,1,1,0,0,psychroplanet
Kapteyn b,Warm,Terran,rocky-iron,metals-rich,1.09,1.79,1.71,0.2900587,0.4342851,0.6803408000000001,231.4,-17.37,3.11,0.21,0.16,80.4,0.28,3550.0,-0.86,8.0,8.8,3.91,5.1947,-45.0183,-25.8,0.9409,2,1,0.232,0.12,-0.15,0.57,0.63,0.0,0.67,0,1,0,0,psychroplanet
Kepler-62 f,Warm,Terran,rocky-iron,metals-rich,1.0,1.41,1.41,0.388223,0.388223,0.388223,201.1,-16.89,2.68,0.0,0.72,0.0,0.69,4869.0,-0.21,7.0,14.0,368.0,18.8808,45.3499,-25.7,0.4676,5,2,0.857,0.45,-0.16,0.19,0.66,0.0,0.67,0,1,0,1,psychroplanet
Kepler-150 f,Warm,Superterran,gas,metals-rich,0.19,0.68,1.57,0.4927213,0.4927213,0.4927214,213.4,-19.22,6.92,0.0,1.24,0.0,0.63,5560.0,-0.136,4.184758828596038,13.4,973.0,19.2156,40.5209,-26.0,0.404,5,1,1.569,0.28,2.88,0.35,0.26,0.0,0.53,0,0,0,1,psychroplanet
Kepler-174 d,Warm,Superterran,rocky-iron,hydrogen-rich,1.42,3.1,2.6,0.42675159999999995,0.42675159999999995,0.42675169999999996,205.9,-17.95,4.15,0.0,0.68,0.0,0.68,4880.0,-0.556,4.184758828596038,13.4,360.0,19.1626,43.8321,-25.8,0.488,3,1,0.846,0.32,-0.13,1.77,0.36,0.0,0.61,0,1,0,1,psychroplanet
Kepler-296 f,Warm,Superterran,rocky-iron,metals-rich,1.15,2.01,1.87,0.2687829,0.3395788,0.4353369000000001,206.9,-17.22,3.33,0.12,0.28,0.0,0.45,3572.0,-0.12,4.2,10.1,226.0,19.1027,49.4373,-25.6,0.8155,5,2,0.34700000000000003,0.4,-0.14,0.86,0.51,0.0,0.6,0,1,0,1,psychroplanet
Kepler-442 b,Warm,Terran,rocky-iron,metals-rich,0.97,1.3,1.32,0.6466799,0.6999820999999999,0.7589214,237.8,-17.42,2.55,0.04,0.41,0.0,0.61,4402.0,-0.37,2.9,7.7,342.0,19.0244,39.2801,-26.3,0.7685,1,1,0.6809999999999999,-0.34,-0.16,-0.06,0.73,0.04,0.84,0,1,0,1,psychroplanet
Kepler-1229 b,Warm,Terran,rocky-iron,metals-rich,0.99,1.39,1.4,0.4901548,0.4901549,0.4901549,213.2,-17.13,2.66,0.0,0.31,0.0,0.54,3784.0,-0.06027140851661208,3.72,15.5,236.0,19.8324,46.9967,-26.0,0.8699,1,1,0.456,-0.03,-0.16,0.12,0.83,0.0,0.73,0,1,0,1,psychroplanet
Kepler-1652 b,Warm,Terran,rocky-iron,metals-rich,0.9,1.01,1.06,0.6504719,0.650472,0.6504722,228.8,-16.95,2.13,0.0,0.16,0.0,0.36,3482.0,-0.1,4.184758828596038,13.4,252.0,19.6244,49.9151,-26.3,1.1835,1,1,0.27,-0.35,-0.17,-0.37,0.65,0.0,0.85,0,1,0,1,psychroplanet
LHS 1140 b,Warm,Terran,rocky-iron,hydrogen-rich,2.26,3.23,2.15,0.23418049999999999,0.4071072,0.7728854000000001,238.9,-17.03,2.72,0.29,0.08,0.0,0.15,3131.0,-0.24,5.0,14.2,12.47,0.7497,-15.2714,-25.8,1.1837,1,1,0.118,0.18,-0.82,1.17,0.41,0.0,0.68,0,1,0,1,psychroplanet
Proxima Cen b,Warm,Terran,rocky-iron,metals-rich,0.9,1.01,1.07,0.6562118,0.6562118,0.6562119000000001,229.3,-16.96,2.13,0.0,0.05,0.0,0.12,3050.0,-0.06027140851661208,4.184758828596038,11.1,1.29,14.4953,-62.6794,-26.3,1.5493,1,1,0.086,-0.39,-0.17,-0.37,0.64,0.0,0.85,0,1,0,1,psychroplanet
TRAPPIST-1 e,Warm,Terran,rocky-iron,metals-rich,0.82,0.76,0.83,0.6544079,0.654408,0.6544082,229.1,-16.52,1.74,0.0,0.03,0.0,0.08,2550.0,0.04,0.5,18.8,12.1,23.1081,-5.0414,-26.3,2.2135,7,4,0.051,-0.42,-0.15,-0.67,0.56,0.0,0.85,0,1,0,1,psychroplanet
TRAPPIST-1 f,Warm,Terran,rocky-water,metals-rich,0.59,0.61,0.8,0.3772893,0.3772893,0.3772893,199.7,-16.2,1.98,0.0,0.04,0.0,0.08,2550.0,0.04,0.5,18.8,12.1,23.1081,-5.0414,-25.7,1.6807,7,4,0.051,0.14,0.27,-0.64,0.59,0.0,0.68,0,1,0,1,psychroplanet
GJ 273 b,Warm,Terran,rocky-iron,metals-rich,1.0,1.43,1.43,1.003524,1.220269,1.4989540000000001,281.9,-18.17,2.7,0.1,0.09,0.0,0.29,3382.0,0.09,4.184758828596038,9.9,3.8,7.4568,5.2258,-27.0,1.7227,2,1,0.215,-0.86,-0.16,-0.05,0.53,0.79,0.86,0,1,0,1,mesoplanet
Kepler-1410 b,Warm,Superterran,rocky-iron,metals-rich,1.16,2.07,1.92,1.344376,1.344376,1.344376,274.3,-18.76,3.38,0.0,0.26,0.0,0.63,4092.0,-0.06027140851661208,4.07,15.8,367.0,19.3673,38.7435,-27.1,1.232,1,1,0.614,-0.91,-0.14,0.51,0.49,0.11,0.78,0,1,0,1,mesoplanet
K2-18 b,Warm,Superterran,rocky-iron,hydrogen-rich,1.46,3.28,2.71,0.9243239999999999,0.9243239999999999,0.9243242,249.8,-18.85,4.26,0.0,0.15,0.0,0.41,3503.0,0.09,4.184758828596038,13.5,34.0,11.504,7.5884,-26.6,1.394,2,1,0.304,-0.66,-0.12,1.59,0.37,1.0,0.73,0,1,0,1,mesoplanet
GJ 667 C c,Warm,Terran,rocky-iron,metals-rich,1.05,1.61,1.57,0.8427715,0.8769776,0.9129552,249.0,-17.97,2.92,0.02,0.12,292.0,0.33,3350.0,-0.55,2.0,10.2,6.8,17.3158,-34.9897,-26.6,1.4848,6,3,0.251,-0.62,-0.15,0.21,0.6,0.64,0.84,0,1,0,1,mesoplanet
GJ 422 b,Warm,Superterran,rocky-iron,hydrogen-rich,1.28,2.53,2.24,0.6164305999999999,0.6804333,0.7529996999999999,237.3,-18.25,3.76,0.05,0.12,246.4,0.35,3323.0,-0.06027140851661208,4.184758828596038,11.5,12.67,11.2667,-56.4523,-26.3,1.3345,1,1,0.21,-0.41,-0.13,1.11,0.46,0.17,0.71,0,1,0,0,mesoplanet
TRAPPIST-1 d,Warm,Subterran,rocky-iron,metals-rich,0.9,0.69,0.73,1.129725,1.129725,1.129725,262.7,-16.74,1.47,0.0,0.02,0.0,0.08,2550.0,0.04,0.5,18.8,12.1,23.1081,-5.0414,-26.9,2.9085,7,4,0.051,-0.84,-0.29,-0.86,0.45,0.9,0.9,0,1,0,1,mesoplanet
Kepler-1552 b,Warm,Superterran,rocky-iron,hydrogen-rich,1.68,4.14,3.2,1.105641,1.105641,1.105641,261.2,-19.25,4.68,0.0,0.6,0.0,0.85,5202.0,-0.06027140851661208,3.31,14.8,618.0,19.4451,38.8749,-26.8,0.6913,1,1,1.176,-0.68,-0.11,2.09,0.31,0.45,0.7,0,1,0,1,mesoplanet
Kepler-1544 b,Warm,Superterran,rocky-iron,metals-rich,1.16,2.07,1.92,0.9021728000000001,0.9021728999999999,0.902173,248.3,-18.32,3.38,0.0,0.56,0.0,0.81,4886.0,-0.06027140851661208,2.34,14.1,349.0,19.819000000000006,49.2125,-26.6,0.7079,1,1,1.012,-0.53,-0.14,0.63,0.55,0.85,0.8,0,1,0,1,mesoplanet
Ross 128 b,Warm,Terran,rocky-iron,metals-rich,0.91,1.05,1.1,1.176261,1.474785,1.874486,298.1,-17.92,2.19,0.12,0.05,0.0,0.17,3192.0,-0.02,5.0,11.2,3.38,11.7957,0.8046,-27.2,2.1279,1,1,0.13,-0.99,-0.17,-0.46,0.48,0.21,0.86,0,1,0,1,mesoplanet
GJ 3323 b,Warm,Terran,rocky-iron,metals-rich,0.95,1.23,1.25,0.776563,1.207001,1.981179,302.3,-17.95,2.44,0.23,0.03,0.0,0.16,3159.0,-0.27,4.184758828596038,12.2,5.32,5.0326,-6.9461,-27.0,1.9856,2,1,0.077,-0.84,-0.16,-0.25,0.53,0.97,0.89,0,1,0,1,mesoplanet
Kepler-296 e,Warm,Terran,rocky-iron,metals-rich,1.03,1.52,1.5,1.005184,1.2222879999999998,1.501434,282.0,-18.25,2.81,0.1,0.15,0.0,0.45,3572.0,-0.12,4.2,10.1,226.0,19.1027,49.4373,-27.0,1.5455,5,2,0.34700000000000003,-0.86,-0.16,0.04,0.53,0.75,0.85,0,1,0,1,mesoplanet
HD 283869 b,Warm,Superterran,rocky-iron,metals-rich,1.26,2.47,2.2,1.146929,1.146929,1.146929,263.7,-18.79,3.72,0.0,0.4,0.0,0.74,4655.0,0.15,4.184758828596038,13.4,47.51,4.795,26.15,-26.9,0.8793,1,1,0.836,-0.76,-0.14,0.89,0.46,0.65,0.77,0,1,0,0,mesoplanet
Kepler-62 e,Warm,Superterran,rocky-iron,metals-rich,1.08,1.74,1.68,1.097676,1.097676,1.097677,260.8,-18.32,3.07,0.0,0.43,0.0,0.69,4869.0,-0.21,7.0,14.0,368.0,18.8808,45.3499,-26.8,0.7863,5,2,0.857,-0.7,-0.15,0.28,0.56,0.96,0.83,0,1,0,1,mesoplanet
tau Cet e,Warm,Terran,rocky-iron,metals-rich,1.07,1.7,1.64,1.369828,1.512054,1.673311,289.8,-18.64,3.02,0.05,0.55,313.5,0.78,5344.0,-0.55,5.8,3.5,3.65,1.7344,-15.9375,-27.2,0.7665,7,1,1.246,-0.92,-0.15,0.16,0.51,0.0,0.78,0,1,0,0,mesoplanet
Kepler-22 b,Warm,Superterran,rocky-iron,hydrogen-rich,1.57,3.68,2.94,1.1060290000000002,1.1060290000000002,1.1060290000000002,261.3,-19.15,4.47,0.0,0.85,0.0,0.97,5518.0,-0.29,9.9,12.0,190.0,19.2811,47.8844,-26.8,0.6145,1,1,1.615,-0.64,-0.12,1.79,0.34,0.53,0.71,0,1,0,1,mesoplanet
Kepler-443 b,Warm,Superterran,rocky-iron,hydrogen-rich,1.54,3.6,2.9,0.7188641,0.8910313,1.1180709999999998,262.0,-18.9,4.43,0.11,0.49,0.0,0.74,4723.0,-0.01,3.2,6.8,779.0,19.2407,49.9686,-26.6,0.7552,1,1,0.903,-0.53,-0.12,1.83,0.34,0.98,0.71,0,1,0,1,mesoplanet
Wolf 1061 c,Warm,Terran,rocky-iron,metals-rich,1.03,1.53,1.51,1.128213,1.398419,1.754743,293.2,-18.42,2.83,0.11,0.09,37.0,0.25,3305.0,-0.09,4.184758828596038,10.1,4.29,16.505,-12.6626,-27.1,1.9321,3,1,0.225,-0.96,-0.15,0.02,0.51,0.17,0.82,0,1,0,1,mesoplanet
GJ 180 b,Warm,Superterran,rocky-iron,metals-rich,1.22,2.32,2.09,0.9960187,1.234564,1.549138,284.2,-18.8,3.6,0.11,0.1,11.5,0.43,3371.0,-0.06027140851661208,4.184758828596038,10.9,11.69,4.8972,-17.7734,-27.0,1.745,2,2,0.244,-0.87,-0.14,0.74,0.46,0.41,0.75,0,1,0,0,mesoplanet
WASP-132 b,Hot,Jovian,gas,metals-rich,0.14,1.37,3.66,56.89802,56.89802,56.89804,699.7,-26.55,18.6,0.0,0.07,0.0,0.8,4775.0,0.22,0.5,12.4,120.0,14.5072,-46.1592,-31.1,5.8885,1,0,0.976,-2.16,6.65,0.94,0.12,0.0,0.11,0,0,0,1,non-habitable
Kepler-1006 b,Hot,Terran,rocky-iron,metals-rich,1.05,1.61,1.57,22.84344,22.84345,22.84345,557.0,-21.52,2.92,0.0,0.13,0.0,0.78,5328.0,-0.06027140851661208,4.27,14.6,496.0,19.7169,42.5375,-30.1,2.9958,1,0,1.158,-2.05,-0.15,-0.44,0.32,0.0,0.34,0,0,0,1,non-habitable
Kepler-65 b,Hot,Terran,rocky-iron,no-atmosphere,1.0,1.4,1.41,2050.423,2133.645,2221.177,1749.0,-26.28,2.68,0.02,0.03,0.0,1.2,6211.0,0.17,3.89,11.0,312.43,19.2458,41.1511,-35.1,21.4304,3,0,2.756,-2.46,-0.16,-1.08,0.27,0.0,0.28,0,0,0,1,non-habitable
HR 8799 b,Cold,Jovian,gas,hydrogen-rich,0.92,12.32,12.87,0.001264662,0.001264662,0.001264663,48.0,-15.56,25.76,0.0,68.0,0.0,1.56,9790.0,-0.47,0.06,6.0,39.4,23.1247,21.1342,-19.5,0.0118,4,0,3.864,59.64,11.92,34.16,0.01,0.0,0.07,0,0,0,1,non-habitable
1SWASP J1407 b,Cold,Jovian,gas,hydrogen-rich,4.86,53.12,24.11,0.02166914,0.02166914,0.02166914,97.7,-18.21,20.91,0.0,3.9,0.0,0.9,4400.0,-0.06027140851661208,0.016,12.4,133.0,14.13,-39.7619,-22.5,0.1353,1,0,1.143,9.07,15.3,45.41,0.02,0.0,0.07,0,0,0,1,non-habitable
Kepler-549 b,Hot,Neptunian,gas,metals-rich,0.19,0.49,1.12,9.881472,9.881474,9.881474,451.7,-21.73,4.88,0.0,0.23,0.0,0.88,5360.0,-0.06027140851661208,4.57,14.6,648.0,18.8682,47.2611,-29.2,1.9468,2,0,1.3259999999999998,-1.85,2.41,-0.71,0.24,0.0,0.34,0,0,0,1,non-habitable
WASP-139 b,Hot,Neptunian,gas,metals-rich,0.05,0.46,2.04,149.5107,149.5107,149.5107,890.9,-27.42,17.09,0.0,0.06,0.0,0.91,5310.0,0.2,0.5,12.4,230.0,3.3042,-41.3022,-32.2,7.7481,1,0,1.3969999999999998,-2.29,7.93,-0.41,0.11,0.0,0.1,0,0,0,1,non-habitable
Kepler-708 b,Hot,Neptunian,gas,no-atmosphere,0.19,0.57,1.29,497.2763,497.2764,497.2764,1203.1,-26.29,5.56,0.0,0.04,0.0,0.97,5692.0,-0.06027140851661208,4.37,15.5,1241.0,19.5878,42.2125,-33.5,12.2691,1,0,1.66,-2.38,2.51,-1.01,0.22,0.0,0.22,0,0,0,1,non-habitable
GJ 758 b,Cold,Jovian,gas,hydrogen-rich,16.66,158.37,38.8,0.000122626,0.000363109,0.001577339,50.8,-13.65,18.14,0.56,36.99,0.0,0.97,5425.0,0.18,8.2,6.4,15.5,19.3928,33.2219,-18.3,0.0127,1,0,1.415,111.62,24.7,121.76,0.01,0.0,0.04,0,0,0,1,non-habitable
HD 177830 b,Hot,Jovian,gas,hydrogen-rich,0.36,3.98,6.59,3.214917,3.220705,3.226508,341.5,-23.66,20.84,0.0,1.22,85.0,1.47,4948.0,0.55,4.4,7.2,59.0,19.0889,25.9206,-28.0,1.3042,2,0,4.171,-1.41,7.01,5.17,0.1,0.0,0.34,0,0,0,1,non-habitable
Kepler-144 b,Hot,Terran,rocky-iron,metals-rich,0.97,1.29,1.31,431.3505,431.3506,431.3507,1161.1,-24.42,2.53,0.0,0.07,0.0,1.03,6075.0,-0.326,4.184758828596038,13.4,424.0,18.7944,42.7755,-33.3,10.0251,2,0,2.363,-2.4,-0.16,-0.98,0.28,0.0,0.29,0,0,0,1,non-habitable
KELT-2 A b,Hot,Jovian,gas,hydrogen-rich,0.15,2.21,5.68,1024.771,1464.055,2166.107,1738.1,-31.0,28.08,0.18,0.05,160.0,1.31,6148.0,-0.015,4.184758828596038,8.7,128.9,6.1775,30.9572,-34.7,18.2449,1,0,3.574,-2.44,10.49,1.03,0.08,0.0,0.06,1,0,0,1,non-habitable
EPIC 249801827 b,Hot,Superterran,rocky-iron,hydrogen-rich,200.63,399.98,28.24,20.948,20.948,20.948,545.0,-22.0,3.79,0.0,0.05,0.0,0.58,3810.0,-0.1,4.184758828596038,13.9,70.0,15.19,17.8753,-30.0,5.6119,2,0,0.488,-1.94,-0.87,21.65,0.04,0.0,0.32,0,0,0,1,non-habitable
nu Oph b,Hot,Jovian,gas,hydrogen-rich,6.27,66.95,26.74,26.17657,33.70704,44.15509,656.7,-26.19,20.39,0.13,1.88,0.0,3.04,4928.0,0.13,4.184758828596038,3.3,46.8,17.9839,-9.7736,-30.6,4.2725,2,0,20.932,-2.09,16.8,19.11,0.04,0.0,0.08,0,0,0,1,non-habitable
Kepler-680 b,Hot,Superterran,rocky-iron,metals-rich,1.63,3.95,3.09,578.991,578.991,578.9911,1249.7,-26.04,4.6,0.0,0.05,0.0,1.08,5890.0,-0.06027140851661208,3.72,15.2,1342.0,19.4415,50.6182,-33.7,12.3641,1,0,2.02,-2.4,-0.11,-0.04,0.29,0.0,0.24,0,0,0,1,non-habitable
CoRoT-22 b,Hot,Neptunian,gas,metals-rich,0.11,0.51,1.58,146.7318,170.6929,199.7656,957.8,-26.24,9.28,0.08,0.09,210.0,1.1,5939.0,0.17,3.3,11.9,592.0,18.7111,6.225,-32.3,6.6036,1,0,2.093,-2.33,4.45,-0.72,0.16,0.0,0.16,0,0,0,1,non-habitable
HD 108874 b,Warm,Jovian,gas,hydrogen-rich,0.35,3.72,6.33,0.9025904,1.035849,1.194713,266.4,-22.4,20.59,0.07,1.05,248.4,1.0,5407.0,0.14,7.26,8.8,68.5,12.5072,22.8797,-26.8,0.6201,2,1,1.952,-0.59,6.88,5.91,0.1,0.0,0.46,0,0,0,1,non-habitable
Kepler-242 b,Hot,Neptunian,gas,metals-rich,0.19,0.5,1.14,73.18466,73.18466,73.18467,745.2,-23.95,4.96,0.0,0.07,0.0,0.84,5020.0,0.103,4.184758828596038,13.4,424.0,19.1044,41.8084,-31.4,6.0425,2,0,1.213,-2.2,2.42,-0.92,0.23,0.0,0.24,0,0,0,1,non-habitable
