P. Name,P. Zone Class,P. Mass Class,P. Composition Class,P. Atmosphere Class,P. Density (EU),P. Gravity (EU),P. Esc Vel (EU),P. SFlux Min (EU),P. SFlux Mean (EU),P. SFlux Max (EU),P. Teq Max (K),P. Mag,P. Appar Size (deg),P. Eccentricity,P. Mean Distance (AU),P. Omega (deg),S. Mass (SU),S. Teff (K),S. [Fe/H],S. Age (Gyrs),S. Appar Mag,S. Distance (pc),S. RA (hrs),S. DEC (deg),S. Mag from Planet,S. Size from Planet (deg),S. No. Planets,S. No. Planets HZ,S. Hab Zone Max (AU),P. HZD,P. HZC,P. HZA,P. HZI,P. SPH,P. ESI,S. HabCat,P. Habitable,P. Hab Moon,P. Confirmed,P. Habitable Class
GJ 163 c,Warm,Superterran,rocky-iron,metals-rich,1.19,2.17,1.99,0.5515569,0.6630019,0.804139,241.3,-18.05,3.48,0.09,0.12,235.4,0.4,3840.0,-0.06027140851661208,3.0,11.8,15.0,4.1544,-53.3736,-26.3,0.9881,3,1,0.212,-0.34,-0.14,0.81,0.53,0.08,0.73,0,1,0,1,psychroplanet
GJ 667 C e,Warm,Terran,rocky-iron,metals-rich,0.99,1.39,1.39,0.290249,0.3020295,0.3144201,190.8,-16.59,2.65,0.02,0.21,28.6,0.33,3350.0,-0.55,2.0,10.2,6.8,17.3158,-34.9897,-25.4,0.8714,6,3,0.251,0.51,-0.16,0.23,0.63,0.0,0.6,0,1,0,0,psychroplanet
GJ 667 C f,Warm,Terran,rocky-iron,metals-rich,0.99,1.39,1.39,0.5306531,0.5632069000000001,0.5983137,224.1,-17.28,2.65,0.03,0.16,103.0,0.33,3350.0,-0.55,2.0,10.2,6.8,17.3158,-34.9897,-26.1,1.19,6,3,0.251,-0.22,-0.16,0.08,0.78,0.0,0.77,0,1,0,0,psychroplanet
GJ 682 c,Warm,Superterran,rocky-iron,hydrogen-rich,1.24,2.37,2.13,0.3020603,0.3673006,0.45118450000000004,208.8,-17.51,3.64,0.1,0.18,320.9,0.27,3028.0,-0.06027140851661208,4.184758828596038,13.4,5.08,17.6177,-43.6808,-25.6,1.1831,2,1,0.232,0.23,-0.14,1.19,0.45,0.0,0.59,0,1,0,0,psychroplanet
GJ 3293 d,Warm,Superterran,rocky-iron,metals-rich,1.2,2.22,2.03,0.44768679999999994,0.5656049,0.7251003,235.1,-17.91,3.52,0.12,0.19,322.0,0.42,3466.0,0.02,4.184758828596038,12.0,17.9,4.4767,-25.1692,-26.1,1.1179,4,2,0.309,-0.21,-0.14,0.91,0.52,0.0,0.7,0,1,0,1,psychroplanet
HD 40307 g,Warm,Superterran,rocky-iron,metals-rich,1.18,2.15,1.98,0.3895282,0.6771687,1.285592,271.3,-18.1,3.45,0.29,0.57,91.2,0.77,4977.0,-0.31,1.2,7.2,12.8,5.9011,-60.0233,-26.4,0.6042,6,1,0.917,-0.15,-0.14,0.77,0.56,0.04,0.74,1,1,0,0,psychroplanet
Kapteyn b,Warm,Terran,rocky-iron,metals-rich,1.09,1.79,1.71,0.2900587,0.4342851,0.6803408000000001,231.4,-17.37,3.11,0.21,0.16,80.4,0.28,3550.0,-0.86,8.0,8.8,3.91,5.1947,-45.0183,-25.8,0.9409,2,1,0.232,0.12,-0.15,0.57,0.63,0.0,0.67,0,1,0,0,psychroplanet
Kepler-62 f,Warm,Terran,rocky-iron,metals-rich,1.0,1.41,1.41,0.388223,0.388223,0.388223,201.1,-16.89,2.68,0.0,0.72,0.0,0.69,4869.0,-0.21,7.0,14.0,368.0,18.8808,45.3499,-25.7,0.4676,5,2,0.857,0.45,-0.16,0.19,0.66,0.0,0.67,0,1,0,1,psychroplanet
Kepler-150 f,Warm,Superterran,gas,metals-rich,0.19,0.68,1.57,0.4927213,0.4927213,0.4927214,213.4,-19.22,6.92,0.0,1.24,0.0,0.63,5560.0,-0.136,4.184758828596038,13.4,973.0,19.2156,40.5209,-26.0,0.404,5,1,1.569,0.28,2.88,0.35,0.26,0.0,0.53,0,0,0,1,psychroplanet
Kepler-174 d,Warm,Superterran,rocky-iron,hydrogen-rich,1.42,3.1,2.6,0.42675159999999995,0.42675159999999995,0.42675169999999996,205.9,-17.95,4.15,0.0,0.68,0.0,0.68,4880.0,-0.556,4.184758828596038,13.4,360.0,19.1626,43.8321,-25.8,0.488,3,1,0.846,0.32,-0.13,1.77,0.36,0.0,0.61,0,1,0,1,psychroplanet
Kepler-296 f,Warm,Superterran,rocky-iron,metals-rich,1.15,2.01,1.87,0.2687829,0.3395788,0.4353369000000001,206.9,-17.22,3.33,0.12,0.28,0.0,0.45,3572.0,-0.12,4.2,10.1,226.0,19.1027,49.4373,-25.6,0.8155,5,2,0.34700000000000003,0.4,-0.14,0.86,0.51,0.0,0.6,0,1,0,1,psychroplanet
Kepler-442 b,Warm,Terran,rocky-iron,metals-rich,0.97,1.3,1.32,0.6466799,0.6999820999999999,0.7589214,237.8,-17.42,2.55,0.04,0.41,0.0,0.61,4402.0,-0.37,2.9,7.7,342.0,19.0244,39.2801,-26.3,0.7685,1,1,0.6809999999999999,-0.34,-0.16,-0.06,0.73,0.04,0.84,0,1,0,1,psychroplanet
Kepler-1229 b,Warm,Terran,rocky-iron,metals-rich,0.99,1.39,1.4,0.4901548,0.4901549,0.4901549,213.2,-17.13,2.66,0.0,0.31,0.0,0.54,3784.0,-0.06027140851661208,3.72,15.5,236.0,19.8324,46.9967,-26.0,0.8699,1,1,0.456,-0.03,-0.16,0.12,0.83,0.0,0.73,0,1,0,1,psychroplanet
Kepler-1652 b,Warm,Terran,rocky-iron,metals-rich,0.9,1.01,1.06,0.6504719,0.650472,0.6504722,228.8,-16.95,2.13,0.0,0.16,0.0,0.36,3482.0,-0.1,4.184758828596038,13.4,252.0,19.6244,49.9151,-26.3,1.1835,1,1,0.27,-0.35,-0.17,-0.37,0.65,0.0,0.85,0,1,0,1,psychroplanet
LHS 1140 b,Warm,Terran,rocky-iron,hydrogen-rich,2.26,3.23,2.15,0.23418049999999999,0.4071072,0.7728854000000001,238.9,-17.03,2.72,0.29,0.08,0.0,0.15,3131.0,-0.24,5.0,14.2,12.47,0.7497,-15.2714,-25.8,1.1837,1,1,0.118,0.18,-0.82,1.17,0.41,0.0,0.68,0,1,0,1,psychroplanet
Proxima Cen b,Warm,Terran,rocky-iron,metals-rich,0.9,1.01,1.07,0.6562118,0.6562118,0.6562119000000001,229.3,-16.96,2.13,0.0,0.05,0.0,0.12,3050.0,-0.06027140851661208,4.184758828596038,11.1,1.29,14.4953,-62.6794,-26.3,1.5493,1,1,0.086,-0.39,-0.17,-0.37,0.64,0.0,0.85,0,1,0,1,psychroplanet
TRAPPIST-1 e,Warm,Terran,rocky-iron,metals-rich,0.82,0.76,0.83,0.6544079,0.654408,0.6544082,229.1,-16.52,1.74,0.0,0.03,0.0,0.08,2550.0,0.04,0.5,18.8,12.1,23.1081,-5.0414,-26.3,2.2135,7,4,0.051,-0.42,-0.15,-0.67,0.56,0.0,0.85,0,1,0,1,psychroplanet
TRAPPIST-1 f,Warm,Terran,rocky-water,metals-rich,0.59,0.61,0.8,0.3772893,0.3772893,0.3772893,199.7,-16.2,1.98,0.0,0.04,0.0,0.08,2550.0,0.04,0.5,18.8,12.1,23.1081,-5.0414,-25.7,1.6807,7,4,0.051,0.14,0.27,-0.64,0.59,0.0,0.68,0,1,0,1,psychroplanet
Kepler-1552 b,Warm,Superterran,rocky-iron,hydrogen-rich,1.68,4.14,3.2,1.105641,1.105641,1.105641,261.2,-19.25,4.68,0.0,0.6,0.0,0.85,5202.0,-0.06027140851661208,3.31,14.8,618.0,19.4451,38.8749,-26.8,0.6913,1,1,1.176,-0.68,-0.11,2.09,0.31,0.45,0.7,0,1,0,1,mesoplanet
K2-18 b,Warm,Superterran,rocky-iron,hydrogen-rich,1.46,3.28,2.71,0.9243239999999999,0.9243239999999999,0.9243242,249.8,-18.85,4.26,0.0,0.15,0.0,0.41,3503.0,0.09,4.184758828596038,13.5,34.0,11.504,7.5884,-26.6,1.394,2,1,0.304,-0.66,-0.12,1.59,0.37,1.0,0.73,0,1,0,1,mesoplanet
GJ 667 C c,Warm,Terran,rocky-iron,metals-rich,1.05,1.61,1.57,0.8427715,0.8769776,0.9129552,249.0,-17.97,2.92,0.02,0.12,292.0,0.33,3350.0,-0.55,2.0,10.2,6.8,17.3158,-34.9897,-26.6,1.4848,6,3,0.251,-0.62,-0.15,0.21,0.6,0.64,0.84,0,1,0,1,mesoplanet
tau Cet e,Warm,Terran,rocky-iron,metals-rich,1.07,1.7,1.64,1.369828,1.512054,1.673311,289.8,-18.64,3.02,0.05,0.55,313.5,0.78,5344.0,-0.55,5.8,3.5,3.65,1.7344,-15.9375,-27.2,0.7665,7,1,1.246,-0.92,-0.15,0.16,0.51,0.0,0.78,0,1,0,0,mesoplanet
Kepler-61 b,Warm,Superterran,rocky-iron,hydrogen-rich,1.39,2.99,2.54,0.7885342,1.272237,2.1899319999999998,309.9,-19.14,4.09,0.25,0.26,0.0,0.64,4017.0,0.03,1.0,15.0,326.0,19.6869,42.4753,-27.0,1.2639,1,1,0.614,-0.84,-0.13,1.24,0.4,0.27,0.73,0,1,0,1,mesoplanet
TRAPPIST-1 d,Warm,Subterran,rocky-iron,metals-rich,0.9,0.69,0.73,1.129725,1.129725,1.129725,262.7,-16.74,1.47,0.0,0.02,0.0,0.08,2550.0,0.04,0.5,18.8,12.1,23.1081,-5.0414,-26.9,2.9085,7,4,0.051,-0.84,-0.29,-0.86,0.45,0.9,0.9,0,1,0,1,mesoplanet
GJ 180 c,Warm,Superterran,rocky-iron,metals-rich,1.16,2.04,1.9,0.6584886,0.785473,0.9446747999999999,251.2,-18.16,3.36,0.09,0.13,234.9,0.43,3371.0,-0.06027140851661208,4.184758828596038,10.9,11.69,4.8972,-17.7734,-26.5,1.3905,2,2,0.244,-0.53,-0.14,0.64,0.54,0.42,0.77,0,1,0,0,mesoplanet
Kepler-1410 b,Warm,Superterran,rocky-iron,metals-rich,1.16,2.07,1.92,1.344376,1.344376,1.344376,274.3,-18.76,3.38,0.0,0.26,0.0,0.63,4092.0,-0.06027140851661208,4.07,15.8,367.0,19.3673,38.7435,-27.1,1.232,1,1,0.614,-0.91,-0.14,0.51,0.49,0.11,0.78,0,1,0,1,mesoplanet
HD 283869 b,Warm,Superterran,rocky-iron,metals-rich,1.26,2.47,2.2,1.146929,1.146929,1.146929,263.7,-18.79,3.72,0.0,0.4,0.0,0.74,4655.0,0.15,4.184758828596038,13.4,47.51,4.795,26.15,-26.9,0.8793,1,1,0.836,-0.76,-0.14,0.89,0.46,0.65,0.77,0,1,0,0,mesoplanet
Kepler-62 e,Warm,Superterran,rocky-iron,metals-rich,1.08,1.74,1.68,1.097676,1.097676,1.097677,260.8,-18.32,3.07,0.0,0.43,0.0,0.69,4869.0,-0.21,7.0,14.0,368.0,18.8808,45.3499,-26.8,0.7863,5,2,0.857,-0.7,-0.15,0.28,0.56,0.96,0.83,0,1,0,1,mesoplanet
Kepler-298 d,Warm,Superterran,rocky-iron,hydrogen-rich,1.72,4.3,3.28,1.289531,1.289531,1.289532,271.5,-19.45,4.75,0.0,0.3,0.0,0.65,4465.0,-0.121,4.184758828596038,13.4,474.0,18.8693,48.8254,-27.0,1.0134,3,1,0.6859999999999999,-0.86,-0.11,2.11,0.3,0.0,0.68,0,1,0,1,mesoplanet
GJ 3323 b,Warm,Terran,rocky-iron,metals-rich,0.95,1.23,1.25,0.776563,1.207001,1.981179,302.3,-17.95,2.44,0.23,0.03,0.0,0.16,3159.0,-0.27,4.184758828596038,12.2,5.32,5.0326,-6.9461,-27.0,1.9856,2,1,0.077,-0.84,-0.16,-0.25,0.53,0.97,0.89,0,1,0,1,mesoplanet
GJ 273 b,Warm,Terran,rocky-iron,metals-rich,1.0,1.43,1.43,1.003524,1.220269,1.4989540000000001,281.9,-18.17,2.7,0.1,0.09,0.0,0.29,3382.0,0.09,4.184758828596038,9.9,3.8,7.4568,5.2258,-27.0,1.7227,2,1,0.215,-0.86,-0.16,-0.05,0.53,0.79,0.86,0,1,0,1,mesoplanet
Kepler-443 b,Warm,Superterran,rocky-iron,hydrogen-rich,1.54,3.6,2.9,0.7188641,0.8910313,1.1180709999999998,262.0,-18.9,4.43,0.11,0.49,0.0,0.74,4723.0,-0.01,3.2,6.8,779.0,19.2407,49.9686,-26.6,0.7552,1,1,0.903,-0.53,-0.12,1.83,0.34,0.98,0.71,0,1,0,1,mesoplanet
Kepler-452 b,Warm,Superterran,rocky-iron,metals-rich,1.09,1.77,1.7,1.109832,1.109832,1.109833,261.5,-18.35,3.1,0.0,1.05,0.0,1.04,5757.0,0.21,6.0,13.4,430.0,19.7336,44.2776,-26.8,0.5655,1,1,1.952,-0.61,-0.15,0.3,0.59,0.93,0.83,0,1,0,1,mesoplanet
Kepler-1638 b,Warm,Superterran,rocky-iron,metals-rich,1.21,2.26,2.06,1.3873799999999998,1.3873799999999998,1.387381,276.5,-18.9,3.56,0.0,0.79,0.0,0.97,5710.0,-0.06027140851661208,4.37,14.8,879.0,19.6988,48.5244,-27.1,0.6427,1,1,1.65,-0.81,-0.14,0.66,0.49,0.02,0.76,0,1,0,1,mesoplanet
Kepler-440 b,Warm,Superterran,rocky-iron,metals-rich,1.2,2.24,2.04,0.7514458,1.43441,3.096766,338.0,-18.99,3.54,0.34,0.23,0.0,0.57,4134.0,-0.3,1.3,8.3,261.0,19.0233,41.4522,-27.2,1.2857,1,1,0.5710000000000001,-0.89,-0.14,0.62,0.48,0.16,0.75,0,1,0,1,mesoplanet
Kepler-22 b,Warm,Superterran,rocky-iron,hydrogen-rich,1.57,3.68,2.94,1.1060290000000002,1.1060290000000002,1.1060290000000002,261.3,-19.15,4.47,0.0,0.85,0.0,0.97,5518.0,-0.29,9.9,12.0,190.0,19.2811,47.8844,-26.8,0.6145,1,1,1.615,-0.64,-0.12,1.79,0.34,0.53,0.71,0,1,0,1,mesoplanet
Kepler-444 d,Hot,Subterran,rocky-iron,no-atmosphere,0.76,0.4,0.46,65.63187,92.88903,135.889,869.8,-20.75,1.01,0.18,0.06,0.0,0.76,5046.0,-0.55,11.23,9.0,424.0,19.3169,41.6347,-31.7,6.7941,5,0,1.082,-2.22,-0.19,-1.41,0.27,0.0,0.27,0,0,0,1,non-habitable
Kepler-552 b,Hot,Neptunian,gas,metals-rich,0.2,0.78,1.76,320.7515,320.7515,320.7516,1078.2,-26.46,7.5,0.0,0.06,0.0,1.03,5863.0,-0.06027140851661208,3.89,14.3,834.0,19.3832,48.242,-33.0,9.2797,1,0,1.879,-2.37,2.92,-0.69,0.21,0.0,0.18,0,0,0,1,non-habitable
Kepler-1242 b,Hot,Superterran,rocky-iron,metals-rich,1.48,3.36,2.76,26.94277,26.94277,26.94278,580.4,-22.55,4.3,0.0,0.1,0.0,0.77,4895.0,-0.06027140851661208,5.62,15.5,682.0,18.9737,41.1964,-30.3,3.8549,1,0,1.015,-2.06,-0.12,0.48,0.32,0.0,0.29,0,0,0,1,non-habitable
Kepler-490 b,Hot,Jovian,gas,hydrogen-rich,0.74,8.57,9.99,768.7355,768.7357,768.7357,1341.5,-29.78,22.25,0.0,0.04,0.0,1.08,6045.0,-0.06027140851661208,3.47,14.9,1249.0,19.6684,46.956,-34.0,13.5307,1,0,2.119,-2.42,8.38,3.54,0.1,0.0,0.08,0,0,0,1,non-habitable
Kepler-836 b,Hot,Neptunian,gas,metals-rich,0.19,0.52,1.2,117.513,117.5131,117.5131,838.8,-24.57,5.2,0.0,0.1,0.0,1.03,5895.0,-0.06027140851661208,4.27,14.6,1003.0,19.1635,45.7044,-31.9,5.5521,1,0,1.895,-2.3,2.46,-0.93,0.22,0.0,0.23,0,0,0,1,non-habitable
WASP-135 b,Hot,Jovian,gas,hydrogen-rich,0.2,2.85,6.44,1457.515,1457.515,1457.515,1574.2,-30.96,27.95,0.0,0.02,0.0,0.98,5680.0,0.02,4.4,13.3,300.0,17.8189,29.8792,-34.7,21.1738,1,0,1.654,-2.42,10.49,1.41,0.08,0.0,0.06,0,0,0,1,non-habitable
Kepler-132 d,Hot,Terran,rocky-iron,metals-rich,1.05,1.63,1.59,87.71005,87.71006,87.71007,779.7,-23.0,2.94,0.0,0.14,0.0,1.04,6003.0,-0.053,4.184758828596038,13.4,424.0,18.8824,41.343,-31.6,4.6251,4,0,2.209,-2.27,-0.15,-0.63,0.3,0.0,0.29,0,0,0,1,non-habitable
Kepler-1619 b,Hot,Subterran,rocky-iron,no-atmosphere,0.81,0.62,0.68,40.54942,40.54942,40.54943,642.9,-20.62,1.45,0.0,0.16,0.0,1.0,5852.0,-0.06027140851661208,4.27,13.3,520.0,19.0469,44.422,-30.8,3.3087,1,0,1.802,-2.17,-0.18,-1.21,0.29,0.0,0.32,0,0,0,1,non-habitable
HD 156668 b,Hot,Terran,rocky-iron,metals-rich,1.06,1.68,1.63,102.9394,102.9394,102.9395,811.5,-23.22,2.99,0.0,0.05,0.0,0.77,4850.0,0.05,8.6,8.4,24.5,17.2944,29.2272,-31.8,7.6797,1,0,0.973,-2.22,-0.15,-0.63,0.3,0.0,0.29,1,0,0,1,non-habitable
Kepler-48 c,Hot,Neptunian,rocky-water,metals-rich,0.73,1.99,2.32,71.37283,71.37283,71.37285,740.5,-24.01,5.15,0.0,0.09,0.0,0.88,5194.0,0.17,3.14,13.0,424.0,19.9425,40.9489,-31.4,5.5738,4,0,1.339,-2.21,0.71,-0.08,0.3,0.0,0.24,0,0,0,1,non-habitable
Kepler-824 b,Hot,Superterran,rocky-iron,metals-rich,1.21,2.26,2.06,564.987,564.9871,564.9871,1242.1,-25.45,3.56,0.0,0.06,0.0,1.15,6035.0,-0.06027140851661208,3.31,14.9,1352.0,19.3652,39.732,-33.6,11.6312,1,0,2.302,-2.41,-0.14,-0.6,0.29,0.0,0.26,0,0,0,1,non-habitable
Kepler-1273 b,Hot,Superterran,rocky-iron,metals-rich,1.71,4.25,3.25,22.16667,22.16667,22.16668,552.8,-22.54,4.73,0.0,0.18,0.0,0.94,5566.0,-0.06027140851661208,4.47,15.8,1355.0,19.0535,44.8734,-30.1,2.7041,1,0,1.521,-2.05,-0.11,0.94,0.31,0.0,0.29,0,0,0,1,non-habitable
Kepler-1613 b,Hot,Superterran,rocky-iron,metals-rich,1.34,2.8,2.41,2080.735,2080.735,2080.735,1720.7,-27.11,3.96,0.0,0.03,0.0,1.08,6005.0,-0.06027140851661208,3.55,14.1,855.0,19.325,43.42100000000001,-35.1,22.6531,1,0,2.0980000000000003,-2.45,-0.13,-0.6,0.28,0.0,0.25,0,0,0,1,non-habitable
HD 219134 d,Hot,Neptunian,gas,metals-rich,0.2,0.94,2.12,4.791145,4.791146,4.791146,376.9,-22.28,9.04,0.0,0.24,0.0,0.79,4699.0,0.11,4.184758828596038,5.6,6.55,23.2214,57.1683,-28.4,1.7638,6,0,1.0,-1.59,3.3,0.38,0.21,0.0,0.43,0,0,0,1,non-habitable
Kepler-181 b,Hot,Terran,rocky-iron,metals-rich,0.95,1.2,1.23,255.14,255.1401,255.1402,1018.2,-23.73,2.41,0.0,0.04,0.0,0.87,5333.0,-0.162,4.184758828596038,13.4,424.0,19.7434,50.0958,-32.8,10.0049,2,0,1.175,-2.32,-0.16,-0.98,0.28,0.0,0.29,0,0,0,1,non-habitable
HD 11506 c,Hot,Jovian,gas,hydrogen-rich,0.27,2.66,5.13,2.795863,6.210217,16.75357,515.4,-24.27,18.88,0.42,0.58,4.1,1.19,6058.0,0.31,5.4,7.5,53.82,1.8808,-19.5069,-28.8,1.2682,2,1,2.619,-1.62,6.19,3.16,0.12,0.0,0.27,1,0,0,1,non-habitable
HD 27894 c,Hot,Jovian,gas,metals-rich,0.2,1.27,2.85,7.94074,8.181547,8.431679,434.1,-23.5,12.11,0.01,0.2,44.2,0.8,4875.0,0.3,3.9,9.4,42.37,4.3464,-59.4108,-29.0,2.149,3,0,1.084,-1.78,4.13,0.92,0.18,0.0,0.31,1,0,0,1,non-habitable
Kepler-1528 b,Hot,Terran,rocky-iron,no-atmosphere,1.02,1.48,1.47,1318.838,1318.838,1318.839,1535.3,-25.83,2.77,0.0,0.03,0.0,1.03,5857.0,-0.06027140851661208,3.89,14.5,916.0,19.1602,46.574,-34.6,18.9206,1,0,1.859,-2.43,-0.16,-1.01,0.28,0.0,0.28,0,0,0,1,non-habitable
